year,block,plot,management_trt,herbivory_trt,bison_pasture,live,unknown,code,cover,taxon,provenance,life_cycle,type
2024,1,3,fire,SB,yes,0,0,BARE,3,,,,
2024,1,3,fire,SB,yes,0,0,LITTER,97,,,,
2024,1,3,fire,SB,yes,1,0,DAUCAR,2,Daucus carota,introduced,biennial ,forb
2024,1,3,fire,SB,yes,1,0,TRIPRA,6,Trifolium pratense,introduced,biennial ,legume
2024,1,3,fire,SB,yes,1,0,SOLCAR,3,Solanum carolinense,native,perennial ,forb
2024,1,3,fire,SB,yes,1,0,POAPRA,60,Poa pratensis ,introduced,perennial ,grass
2024,1,3,fire,SB,yes,1,0,PASSAT,2,Pastinaca sativa ,introduced,biennial ,forb
2024,1,3,fire,SB,yes,1,0,CONARV,15,Convolvulus arvensis ,introduced,perennial ,forb
2024,1,3,fire,SB,yes,1,0,MEDLUP,1,Medicago lupulina ,introduced,perennial ,legume
2024,1,3,fire,SB,yes,1,0,AMBART,1,Ambrosia artemisiifolia,native,annual ,forb
2024,1,3,fire,SB,yes,1,0,ERIANN,3,Erigeron annuus ,native,annual ,forb
2024,1,3,fire,SB,yes,1,0,DACGLO,8,Dactylis glomerata,introduced,perennial ,grass
2024,1,3,fire,SB,yes,1,0,SOLCAN,2,Solidago canadensis ,native,perennial ,forb
2024,1,3,fire,SB,yes,1,0,FESARU,20,Festuca arundinacea,introduced,perennial ,grass
2024,1,3,fire,SB,yes,1,0,BROINE,35,Bromus inermis ,introduced,perennial ,grass
2024,1,3,fire,SB,yes,1,0,TAROFF,1,Taraxacum officnale ,introduced,perennial ,forb
2024,1,3,fire,SB,yes,1,0,SYMLAE,6,Symphyotrichum laeve ,native,perennial ,forb
2024,1,2,fire,SX,yes,1,0,ELAUMB,60,Elaeagnus umbellata,introduced,perennial ,woody
2024,1,2,fire,SX,yes,1,0,FESARU,20,Festuca arundinacea,introduced,perennial ,grass
2024,1,2,fire,SX,yes,1,0,PASSAT,8,Pastinaca sativa ,introduced,biennial ,forb
2024,1,2,fire,SX,yes,1,0,BROINE,27,Bromus inermis ,introduced,perennial ,grass
2024,1,2,fire,SX,yes,1,0,POAPRA,34,Poa pratensis ,introduced,perennial ,grass
2024,1,2,fire,SX,yes,0,0,BARE,4,,,,
2024,1,2,fire,SX,yes,0,0,LITTER,96,,,,
2024,1,2,fire,SX,yes,1,0,SOLCAN,4,Solidago canadensis ,native,perennial ,forb
2024,1,2,fire,SX,yes,1,0,Vitus spp,5,Vitus spp,native,,
2024,1,2,fire,SX,yes,1,0,CONARV,6,Convolvulus arvensis ,introduced,perennial ,forb
2024,1,2,fire,SX,yes,1,0,AMBART,1,Ambrosia artemisiifolia,native,annual ,forb
2024,1,2,fire,SX,yes,1,0,DAUCAR,1,Daucus carota,introduced,biennial ,forb
2024,1,1,fire,XX,yes,1,0,TRIPRA,27,Trifolium pratense,introduced,biennial ,legume
2024,1,1,fire,XX,yes,1,0,TRIREP,8,Trifolium repens ,introduced,perennial ,legume
2024,1,1,fire,XX,yes,1,0,DAUCAR,7,Daucus carota,introduced,biennial ,forb
2024,1,1,fire,XX,yes,1,0,POAPRA,25,Poa pratensis ,introduced,perennial ,grass
2024,1,1,fire,XX,yes,1,0,AMBART,0.5,Ambrosia artemisiifolia,native,annual ,forb
2024,1,1,fire,XX,yes,1,0,AMBTRI,0.5,Ambrosia trifida ,native,annual ,forb
2024,1,1,fire,XX,yes,0,0,BARE,50,,,,
2024,1,1,fire,XX,yes,0,0,LITTER,50,,,,
2024,1,1,fire,XX,yes,1,0,PASSAT,5,Pastinaca sativa ,introduced,biennial ,forb
2024,1,1,fire,XX,yes,1,0,FESARU,15,Festuca arundinacea,introduced,perennial ,grass
2024,1,1,fire,XX,yes,1,0,MEDLUP,1,Medicago lupulina ,introduced,perennial ,legume
2024,1,1,fire,XX,yes,1,0,BROINE,45,Bromus inermis ,introduced,perennial ,grass
2024,1,1,fire,XX,yes,1,0,SOLCAN,6,Solidago canadensis ,native,perennial ,forb
2024,1,1,fire,XX,yes,1,0,CONARV,2,Convolvulus arvensis ,introduced,perennial ,forb
2024,1,1,fire,XX,yes,1,0,SOLCAR,1,Solanum carolinense,native,perennial ,forb
2024,9,27,mow,SB,yes,0,0,BARE,6,,,,
2024,9,27,mow,SB,yes,1,0,LOTCOR,38,Lotus corniculatus ,introduced,perennial ,legume
2024,9,27,mow,SB,yes,1,0,DAUCAR,6,Daucus carota,introduced,biennial ,forb
2024,9,27,mow,SB,yes,1,0,POAPRA,42,Poa pratensis ,introduced,perennial ,grass
2024,9,27,mow,SB,yes,1,1,UK Forb 1,1,unknwon forb ,,,forb
2024,9,27,mow,SB,yes,1,1,UK Forb 2,1,unknwon forb ,,,forb
2024,9,27,mow,SB,yes,1,1, UK Forb 3,0.2,unknwon forb ,,,forb
2024,9,27,mow,SB,yes,1,1,UK Forb 4,0.2,unknwon forb ,,,forb
2024,9,27,mow,SB,yes,1,1,UK Forb 5,0.2,unknwon forb ,,,forb
2024,9,27,mow,SB,yes,1,1,UK Forb 6,0.2,unknwon forb ,,,forb
2024,9,27,mow,SB,yes,0,0,LITTER,94,,,,
2024,9,27,mow,SB,yes,1,0,SOLCAN,12,Solidago canadensis ,native,perennial ,forb
2024,9,27,mow,SB,yes,1,0,CONARV,2,Convolvulus arvensis ,introduced,perennial ,forb
2024,9,27,mow,SB,yes,1,0,SYMLAE,6,Symphyotrichum laeve ,native,perennial ,forb
2024,9,27,mow,SB,yes,1,0,FESARU,10,Festuca arundinacea,introduced,perennial ,grass
2024,9,27,mow,SB,yes,1,1,UK Forb 7,0.2,unknwon forb ,,,forb
2024,9,27,mow,SB,yes,1,0,TRIPRA,8,Trifolium pratense,introduced,biennial ,legume
2024,9,27,mow,SB,yes,1,0,BROINE,20,Bromus inermis ,introduced,perennial ,grass
2024,9,27,mow,SB,yes,1,0,SOLCAR,1,Solanum carolinense,native,perennial ,forb
2024,9,27,mow,SB,yes,1,0,DACGLO,12,Dactylis glomerata,introduced,perennial ,grass
2024,9,27,mow,SB,yes,1,0,AGRHYE,20,Agrostis hyemalis,native,perennial ,grass
2024,9,27,mow,SB,yes,1,0,TRADUB,1,Tragopogon dubius,introduced,biennial ,forb
2024,9,26,mow,SX,yes,0,0,BARE,1,,,,
2024,9,26,mow,SX,yes,1,0,LOTCOR,45,Lotus corniculatus ,introduced,perennial ,legume
2024,9,26,mow,SX,yes,1,0,SOLCAR,3,Solanum carolinense,native,perennial ,forb
2024,9,26,mow,SX,yes,1,0,TOXRAD,5,Toxicodendron radicans,native,perennial ,vine
2024,9,26,mow,SX,yes,1,1,UK Forb 8,0.2,unknwon forb ,,,forb
2024,9,26,mow,SX,yes,1,1,UK Forb 9,0.1,unknwon forb ,,,forb
2024,9,26,mow,SX,yes,0,0,LITTER,99,,,,
2024,9,26,mow,SX,yes,1,0,SOLCAN,13,Solidago canadensis ,native,perennial ,forb
2024,9,26,mow,SX,yes,1,0,MONFIS,18,Mondarda fistulosa ,native,perennial ,legume
2024,9,26,mow,SX,yes,1,0,TRIREP,4,Trifolium repens ,introduced,perennial ,legume
2024,9,26,mow,SX,yes,1,0,AMBART,0.5,Ambrosia artemisiifolia,native,annual ,forb
2024,9,26,mow,SX,yes,1,0,FESARU,6,Festuca arundinacea,introduced,perennial ,grass
2024,9,26,mow,SX,yes,1,0,CONARV,8,Convolvulus arvensis ,introduced,perennial ,forb
2024,9,26,mow,SX,yes,1,0,BROINE,30,Bromus inermis ,introduced,perennial ,grass
2024,9,26,mow,SX,yes,1,0,POAPRA,60,Poa pratensis ,introduced,perennial ,grass
2024,9,26,mow,SX,yes,1,0,AGRHYE,10,Agrostis hyemalis,native,perennial ,grass
2024,9,26,mow,SX,yes,1,0,TAROFF,0.2,Taraxacum officnale ,introduced,perennial ,forb
2024,9,25,mow,XX,yes,0,0,BARE,2,,,,
2024,9,25,mow,XX,yes,1,0,CONARV,6,Convolvulus arvensis ,introduced,perennial ,forb
2024,9,25,mow,XX,yes,1,0,FESARU,18,Festuca arundinacea,introduced,perennial ,grass
2024,9,25,mow,XX,yes,1,0,BROINE,10,Bromus inermis ,introduced,perennial ,grass
2024,9,25,mow,XX,yes,1,0,CORNUS,1,Cornus spp,native,perennial ,woody
2024,9,25,mow,XX,yes,0,0,LITTER,98,,,,
2024,9,25,mow,XX,yes,1,0,SOLCAN,7,Solidago canadensis ,native,perennial ,forb
2024,9,25,mow,XX,yes,1,0,MONFIS,3,Mondarda fistulosa ,native,perennial ,legume
2024,9,25,mow,XX,yes,1,0,POAPRA,60,Poa pratensis ,introduced,perennial ,grass
2024,9,25,mow,XX,yes,1,1,UK Forb 1,0.5,unknwon forb ,,,forb
2024,9,25,mow,XX,yes,1,0,DAUCAR,11,Daucus carota,introduced,biennial ,forb
2024,9,25,mow,XX,yes,1,0,LOTCOR,37,Lotus corniculatus ,introduced,perennial ,legume
2024,9,25,mow,XX,yes,1,0,TRIPRA,2,Trifolium pratense,introduced,biennial ,legume
2024,9,25,mow,XX,yes,1,0,AGRHYE,8,Agrostis hyemalis,native,perennial ,grass
2024,9,25,mow,XX,yes,1,0,TRIREP,15,Trifolium repens ,introduced,perennial ,legume
2024,9,25,mow,XX,yes,1,1,UK Forb 10,0.1,unknwon forb ,,,forb
2024,8,24,mow,SB,yes,0,0,BARE,98,,,,
2024,8,24,mow,SB,yes,1,0,TRIPRA,2,Trifolium pratense,introduced,biennial ,legume
2024,8,24,mow,SB,yes,1,0,SYMLAE,3,Symphyotrichum laeve ,native,perennial ,forb
2024,8,24,mow,SB,yes,1,0,PASSAT,1,Pastinaca sativa ,introduced,biennial ,forb
2024,8,24,mow,SB,yes,1,1,UK Forb 11,0.5,unknwon forb ,,,forb
2024,8,24,mow,SB,yes,1,0,RATPIN,0.5,Ratibida pinnata ,native,perennial ,forb
2024,8,24,mow,SB,yes,0,0,LITTER,2,,,,
2024,8,24,mow,SB,yes,1,0,DAUCAR,1,Daucus carota,introduced,biennial ,forb
2024,8,24,mow,SB,yes,1,0,FESARU,4,Festuca arundinacea,introduced,perennial ,grass
2024,8,24,mow,SB,yes,1,0,SOLCAN,2,Solidago canadensis ,native,perennial ,forb
2024,8,24,mow,SB,yes,1,1,UK Forb 12,0.1,unknwon forb ,,,forb
2024,8,24,mow,SB,yes,1,0,BROINE,18,Bromus inermis ,introduced,perennial ,grass
2024,8,24,mow,SB,yes,1,0,POAPRA,20,Poa pratensis ,introduced,perennial ,grass
2024,8,24,mow,SB,yes,1,0,OXASTR,0.1,Oxalis stricta ,native,perennial ,forb
2024,8,23,mow,SX,yes,0,0,BARE,2,,,,
2024,8,23,mow,SX,yes,1,0,PASSAT,12,Pastinaca sativa ,introduced,biennial ,forb
2024,8,23,mow,SX,yes,1,0,CONARV,2,Convolvulus arvensis ,introduced,perennial ,forb
2024,8,23,mow,SX,yes,1,0,LOTCOR,2,Lotus corniculatus ,introduced,perennial ,legume
2024,8,23,mow,SX,yes,1,0,CORNUS,1,Cornus spp,native,perennial ,woody
2024,8,23,mow,SX,yes,0,0,LITTER,98,,,,
2024,8,23,mow,SX,yes,1,0,DAUCAR,4,Daucus carota,introduced,biennial ,forb
2024,8,23,mow,SX,yes,1,0,FESARU,12,Festuca arundinacea,introduced,perennial ,grass
2024,8,23,mow,SX,yes,1,0,SYMLAE,8,Symphyotrichum laeve ,native,perennial ,forb
2024,8,23,mow,SX,yes,1,0,POAPRA,65,Poa pratensis ,introduced,perennial ,grass
2024,8,23,mow,SX,yes,1,0,MONFIS,13,Mondarda fistulosa ,native,perennial ,legume
2024,8,23,mow,SX,yes,1,0,BROINE,13,Bromus inermis ,introduced,perennial ,grass
2024,8,23,mow,SX,yes,1,0,SOLCAR,0.5,Solanum carolinense,native,perennial ,forb
2024,8,22,mow,XX,yes,0,0,BARE,1,,,,
2024,8,22,mow,XX,yes,1,0,PASSAT,15,Pastinaca sativa ,introduced,biennial ,forb
2024,8,22,mow,XX,yes,1,0,LOTCOR,4,Lotus corniculatus ,introduced,perennial ,legume
2024,8,22,mow,XX,yes,1,0,AMBTRI,2,Ambrosia trifida ,native,annual ,forb
2024,8,22,mow,XX,yes,0,0,LITTER,99,,,,
2024,8,22,mow,XX,yes,1,0,SOLCAN,16,Solidago canadensis ,native,perennial ,forb
2024,8,22,mow,XX,yes,1,0,CONARV,1,Convolvulus arvensis ,introduced,perennial ,forb
2024,8,22,mow,XX,yes,1,0,POAPRA,60,Poa pratensis ,introduced,perennial ,grass
2024,8,22,mow,XX,yes,1,0,FESARU,25,Festuca arundinacea,introduced,perennial ,grass
2024,8,22,mow,XX,yes,1,0,TRIPRA,8,Trifolium pratense,introduced,biennial ,legume
2024,6,18,fire,SB,yes,0,0,BARE,15,,,,
2024,6,18,fire,SB,yes,1,0,PASSAT,16,Pastinaca sativa ,introduced,biennial ,forb
2024,6,18,fire,SB,yes,1,0,BROINE,7,Bromus inermis ,introduced,perennial ,grass
2024,6,18,fire,SB,yes,1,0,SYMLAE,2,Symphyotrichum laeve ,native,perennial ,forb
2024,6,18,fire,SB,yes,1,0,PHLPRA,3,Phleum pratense,introduced,perennial ,grass
2024,6,18,fire,SB,yes,0,0,LITTER,85,,,,
2024,6,18,fire,SB,yes,1,0,SOLCAN,35,Solidago canadensis ,native,perennial ,forb
2024,6,18,fire,SB,yes,1,0,POAPRA,22,Poa pratensis ,introduced,perennial ,grass
2024,6,18,fire,SB,yes,1,0,TAROFF,1,Taraxacum officnale ,introduced,perennial ,forb
2024,6,18,fire,SB,yes,1,0,DACGLO,5,Dactylis glomerata,introduced,perennial ,grass
2024,6,18,fire,SB,yes,1,0,TRIPRA,20,Trifolium pratense,introduced,biennial ,legume
2024,6,18,fire,SB,yes,1,0,CONARV,0.5,Convolvulus arvensis ,introduced,perennial ,forb
2024,6,18,fire,SB,yes,1,0,DAUCAR,6,Daucus carota,introduced,biennial ,forb
2024,6,18,fire,SB,yes,1,0,FESARU,16,Festuca arundinacea,introduced,perennial ,grass
2024,6,18,fire,SB,yes,1,0,SOLCAR,1,Solanum carolinense,native,perennial ,forb
2024,6,17,fire,SX,yes,1,0,SOLCAN,41,Solidago canadensis ,native,perennial ,forb
2024,6,17,fire,SX,yes,1,0,PASSAT,6,Pastinaca sativa ,introduced,biennial ,forb
2024,6,17,fire,SX,yes,1,0,TRIPRA,4,Trifolium pratense,introduced,biennial ,legume
2024,6,17,fire,SX,yes,1,0,AGRHYE,5,Agrostis hyemalis,native,perennial ,grass
2024,6,17,fire,SX,yes,0,0,BARE,2,,,,
2024,6,17,fire,SX,yes,1,0,POAPRA,60,Poa pratensis ,introduced,perennial ,grass
2024,6,17,fire,SX,yes,1,0,BROINE,5,Bromus inermis ,introduced,perennial ,grass
2024,6,17,fire,SX,yes,1,0,PHLPRA,7,Phleum pratense,introduced,perennial ,grass
2024,6,17,fire,SX,yes,0,0,LITTER,98,,,,
2024,6,17,fire,SX,yes,1,0,DACGLO,NA,Dactylis glomerata,introduced,perennial ,grass
2024,6,17,fire,SX,yes,1,0,FESARU,18,Festuca arundinacea,introduced,perennial ,grass
2024,6,17,fire,SX,yes,1,0,DAUCAR,2,Daucus carota,introduced,biennial ,forb
2024,6,16,fire,XX,yes,0,0,BARE,2,,,,
2024,6,16,fire,XX,yes,1,0,SOLCAN,23,Solidago canadensis ,native,perennial ,forb
2024,6,16,fire,XX,yes,1,0,SOLCAR,1,Solanum carolinense,native,perennial ,forb
2024,6,16,fire,XX,yes,1,0,CONARV,0.5,Convolvulus arvensis ,introduced,perennial ,forb
2024,6,16,fire,XX,yes,0,0,LITTER,98,,,,
2024,6,16,fire,XX,yes,1,0,TOXRAD,24,Toxicodendron radicans,native,perennial ,vine
2024,6,16,fire,XX,yes,1,0,POAPRA,40,Poa pratensis ,introduced,perennial ,grass
2024,6,16,fire,XX,yes,1,0,TRIPRA,1,Trifolium pratense,introduced,biennial ,legume
2024,6,16,fire,XX,yes,1,0,DACGLO,8,Dactylis glomerata,introduced,perennial ,grass
2024,6,16,fire,XX,yes,1,0,PHLPRA,9,Phleum pratense,introduced,perennial ,grass
2024,6,16,fire,XX,yes,1,0,FESARU,38,Festuca arundinacea,introduced,perennial ,grass
2024,13,39,herbicide,SB,yes,0,0,BARE,99,,,,
2024,13,39,herbicide,SB,yes,1,0,TRIPRA,60,Trifolium pratense,introduced,biennial ,legume
2024,13,39,herbicide,SB,yes,1,1,UK Grass 1,16,unknown grass,,,grass
2024,13,39,herbicide,SB,yes,1,1,UK Forb 12,0.1,unknown forb,,,forb
2024,13,39,herbicide,SB,yes,1,1,UK Forb 14,0.2,unknown forb,,,forb
2024,13,39,herbicide,SB,yes,1,1,UK Forb 15,0.1,unknown forb,,,forb
2024,13,39,herbicide,SB,yes,0,0,LITTER,1,,,,
2024,13,39,herbicide,SB,yes,1,0,DAUCAR,10,Daucus carota,introduced,biennial ,forb
2024,13,39,herbicide,SB,yes,1,0,PLALAN,2,Plantago lanceolata ,introduced,perennial ,forb
2024,13,39,herbicide,SB,yes,1,0,CONCAN,5,Conyza canadensis,native,annual ,forb
2024,13,39,herbicide,SB,yes,1,0,AMBART,3,Ambrosia artemisiifolia,native,annual ,forb
2024,13,39,herbicide,SB,yes,1,0,FESARU,9,Festuca arundinacea,introduced,perennial ,grass
2024,13,39,herbicide,SB,yes,1,0,POAPRA,15,Poa pratensis ,introduced,perennial ,grass
2024,13,38,herbicide,SX,yes,0,0,BARE,4,,,,
2024,13,38,herbicide,SX,yes,1,0,SYMLAE,28,Symphyotrichum laeve ,native,perennial ,forb
2024,13,38,herbicide,SX,yes,1,0,PLALAN,1,Plantago lanceolata ,introduced,perennial ,forb
2024,13,38,herbicide,SX,yes,1,1,UK Grass 1,6,unknown grass,,,grass
2024,13,38,herbicide,SX,yes,1,0,TAROFF,1,Taraxacum officnale ,introduced,perennial ,forb
2024,13,38,herbicide,SX,yes,1,1,Phlox Spp ,0.5,Phlox spp,native,,
2024,13,38,herbicide,SX,yes,0,0,LITTER,96,,,,
2024,13,38,herbicide,SX,yes,1,0,TRIPRA,7,Trifolium pratense,introduced,biennial ,legume
2024,13,38,herbicide,SX,yes,1,0,TRADUB,2,Tragopogon dubius,introduced,biennial ,forb
2024,13,38,herbicide,SX,yes,1,0,PHLPRA,35,Phleum pratense,introduced,perennial ,grass
2024,13,38,herbicide,SX,yes,1,0,SOLCAR,1,Solanum carolinense,native,perennial ,forb
2024,13,38,herbicide,SX,yes,1,0,POAPRA,20,Poa pratensis ,introduced,perennial ,grass
2024,13,38,herbicide,SX,yes,1,0,DAUCAR,8,Daucus carota,introduced,biennial ,forb
2024,13,38,herbicide,SX,yes,1,0,AMBART,4,Ambrosia artemisiifolia,native,annual ,forb
2024,13,38,herbicide,SX,yes,1,0,MONFIS,6,Mondarda fistulosa ,native,perennial ,legume
2024,13,38,herbicide,SX,yes,1,1,UK Forb 12,0.2,unknown forb,,,forb
2024,13,38,herbicide,SX,yes,1,1,UK Forb 12,0.3,unknown forb,,,forb
2024,13,38,herbicide,SX,yes,1,0,FESARU,NA,Festuca arundinacea,introduced,perennial ,grass
2024,13,37,herbicide,XX,yes,0,0,BARE,3,,,,
2024,13,37,herbicide,XX,yes,1,0,SYMLAE,15,Symphyotrichum laeve ,native,perennial ,forb
2024,13,37,herbicide,XX,yes,1,0,DAUCAR,3,Daucus carota,introduced,biennial ,forb
2024,13,37,herbicide,XX,yes,1,1,UK Grass 1,2,unknown grass,,,grass
2024,13,37,herbicide,XX,yes,0,0,LITTER,97,,,,
2024,13,37,herbicide,XX,yes,1,0,TRIPRA,12,Trifolium pratense,introduced,biennial ,legume
2024,13,37,herbicide,XX,yes,1,0,PHLPRA,45,Phleum pratense,introduced,perennial ,grass
2024,13,37,herbicide,XX,yes,1,0,POAPRA,18,Poa pratensis ,introduced,perennial ,grass
2024,13,37,herbicide,XX,yes,1,0,MONFIS,1,Mondarda fistulosa ,native,perennial ,legume
2024,7,21,mow,SB,yes,0,0,BARE,2,,,,
2024,7,21,mow,SB,yes,1,0,AMBTRI,8,Ambrosia trifida ,native,annual ,forb
2024,7,21,mow,SB,yes,1,0,CONARV,0.5,Convolvulus arvensis ,introduced,perennial ,forb
2024,7,21,mow,SB,yes,1,0,PASSAT,1,Pastinaca sativa ,introduced,biennial ,forb
2024,7,21,mow,SB,yes,1,0,MELOFF,1,Melilotus officinalis ,introduced,perennial ,legume
2024,7,21,mow,SB,yes,0,0,LITTER,98,,,,
2024,7,21,mow,SB,yes,1,0,SOLCAN,4,Solidago canadensis ,native,perennial ,forb
2024,7,21,mow,SB,yes,1,0,TRIPRA,9,Trifolium pratense,introduced,biennial ,legume
2024,7,21,mow,SB,yes,1,0,FESARU,11,Festuca arundinacea,introduced,perennial ,grass
2024,7,21,mow,SB,yes,1,0,PHLPRA,7,Phleum pratense,introduced,perennial ,grass
2024,7,21,mow,SB,yes,1,0,SOLCAR,3,Solanum carolinense,native,perennial ,forb
2024,7,21,mow,SB,yes,1,0,DAUCAR,5,Daucus carota,introduced,biennial ,forb
2024,7,21,mow,SB,yes,1,0,BROINE,35,Bromus inermis ,introduced,perennial ,grass
2024,7,21,mow,SB,yes,1,0,POAPRA,48,Poa pratensis ,introduced,perennial ,grass
2024,7,20,mow,SX,yes,0,0,BARE,0.5,,,,
2024,7,20,mow,SX,yes,1,0,BROINE,48,Bromus inermis ,introduced,perennial ,grass
2024,7,20,mow,SX,yes,1,0,PASSAT,2,Pastinaca sativa ,introduced,biennial ,forb
2024,7,20,mow,SX,yes,0,0,LITTER,99.5,,,,
2024,7,20,mow,SX,yes,1,0,FESARU,35,Festuca arundinacea,introduced,perennial ,grass
2024,7,20,mow,SX,yes,1,0,MONFIS,0.5,Mondarda fistulosa ,native,perennial ,legume
2024,7,20,mow,SX,yes,1,0,POAPRA,18,Poa pratensis ,introduced,perennial ,grass
2024,7,20,mow,SX,yes,1,0,CONARV,2,Convolvulus arvensis ,introduced,perennial ,forb
2024,7,20,mow,SX,yes,1,0,EUPALT,4,Eupatorium altissimum ,native,perennial ,forb
2024,7,19,mow,XX,yes,0,0,BARE,1,,,,
2024,7,19,mow,XX,yes,1,0,DACGLO,28,Dactylis glomerata,introduced,perennial ,grass
2024,7,19,mow,XX,yes,1,0,POAPRA,32,Poa pratensis ,introduced,perennial ,grass
2024,7,19,mow,XX,yes,0,0,LITTER,99,,,,
2024,7,19,mow,XX,yes,1,0,FESARU,30,Festuca arundinacea,introduced,perennial ,grass
2024,7,19,mow,XX,yes,1,0,PASSAT,2,Pastinaca sativa ,introduced,biennial ,forb
2024,7,19,mow,XX,yes,1,0,TRIPRA,3,Trifolium pratense,introduced,biennial ,legume
2024,7,19,mow,XX,yes,1,0,PHLPRA,6,Phleum pratense,introduced,perennial ,grass
2024,7,19,mow,XX,yes,1,0,BROINE,23,Bromus inermis ,introduced,perennial ,grass
2024,19,57,control,SB,yes,1,0,LOTCOR,33,Lotus corniculatus ,introduced,perennial ,legume
2024,19,57,control,SB,yes,1,0,BROINE,17,Bromus inermis ,introduced,perennial ,grass
2024,19,57,control,SB,yes,1,0,DAUCAR,2,Daucus carota,introduced,biennial ,forb
2024,19,57,control,SB,yes,1,0,AMBART,1,Ambrosia artemisiifolia,native,annual ,forb
2024,19,57,control,SB,yes,0,0,LITTER,99,,,,
2024,19,57,control,SB,yes,0,0,BARE,1,,,,
2024,19,57,control,SB,yes,1,0,AMBTRI,18,Ambrosia trifida ,native,annual ,forb
2024,19,57,control,SB,yes,1,0,PHLPRA,15,Phleum pratense,introduced,perennial ,grass
2024,19,57,control,SB,yes,1,0,FESARU,48,Festuca arundinacea,introduced,perennial ,grass
2024,19,57,control,SB,yes,1,0,POAPRA,55,Poa pratensis ,introduced,perennial ,grass
2024,19,57,control,SB,yes,1,0,TRIPRA,1,Trifolium pratense,introduced,biennial ,legume
2024,19,57,control,SB,yes,1,0,SOLCAR,2,Solanum carolinense,native,perennial ,forb
2024,19,56,control,SX,yes,0,0,BARE,0,,,,
2024,19,56,control,SX,yes,1,0,BROINE,12,Bromus inermis ,introduced,perennial ,grass
2024,19,56,control,SX,yes,1,0,FESARU,45,Festuca arundinacea,introduced,perennial ,grass
2024,19,56,control,SX,yes,0,0,LITTER,100,,,,
2024,19,56,control,SX,yes,1,0,LOTCOR,26,Lotus corniculatus ,introduced,perennial ,legume
2024,19,56,control,SX,yes,1,0,MONFIS,1,Mondarda fistulosa ,native,perennial ,legume
2024,19,56,control,SX,yes,1,0,POAPRA,60,Poa pratensis ,introduced,perennial ,grass
2024,19,56,control,SX,yes,1,0,PHLPRA,8,Phleum pratense,introduced,perennial ,grass
2024,19,55,control,XX,yes,0,0,BARE,2,,,,
2024,19,55,control,XX,yes,1,0,LOTCOR,3,Lotus corniculatus ,introduced,perennial ,legume
2024,19,55,control,XX,yes,1,0,BROINE,10,Bromus inermis ,introduced,perennial ,grass
2024,19,55,control,XX,yes,0,0,LITTER,98,,,,
2024,19,55,control,XX,yes,1,0,FESARU,8,Festuca arundinacea,introduced,perennial ,grass
2024,19,55,control,XX,yes,1,0,POAPRA,30,Poa pratensis ,introduced,perennial ,grass
2024,19,55,control,XX,yes,1,0,PHLPRA,3,Phleum pratense,introduced,perennial ,grass
2024,20,60,control,SB,yes,0,0,BARE,4,,,,
2024,20,60,control,SB,yes,1,0,SOLCAN,23,Solidago canadensis ,native,perennial ,forb
2024,20,60,control,SB,yes,1,0,AMBART,2,Ambrosia artemisiifolia,native,annual ,forb
2024,20,60,control,SB,yes,1,0,POAPRA,30,Poa pratensis ,introduced,perennial ,grass
2024,20,60,control,SB,yes,0,0,LITTER,96,,,,
2024,20,60,control,SB,yes,1,0,TRIPRA,6,Trifolium pratense,introduced,biennial ,legume
2024,20,60,control,SB,yes,1,0,LOTCOR,8,Lotus corniculatus ,introduced,perennial ,legume
2024,20,60,control,SB,yes,1,0,PHLPRA,6,Phleum pratense,introduced,perennial ,grass
2024,20,60,control,SB,yes,1,0,SOLCAR,2,Solanum carolinense,native,perennial ,forb
2024,20,60,control,SB,yes,1,0,BROINE,65,Bromus inermis ,introduced,perennial ,grass
2024,20,60,control,SB,yes,1,0,FESARU,30,Festuca arundinacea,introduced,perennial ,grass
2024,20,59,control,SX,yes,0,0,BARE,2,,,,
2024,20,59,control,SX,yes,1,0,SOLCAN,15,Solidago canadensis ,native,perennial ,forb
2024,20,59,control,SX,yes,1,0,BROINE,27,Bromus inermis ,introduced,perennial ,grass
2024,20,59,control,SX,yes,0,0,LITTER,98,,,,
2024,20,59,control,SX,yes,1,0,SOLCAR,2,Solanum carolinense,native,perennial ,forb
2024,20,59,control,SX,yes,1,0,POAPRA,70,Poa pratensis ,introduced,perennial ,grass
2024,20,59,control,SX,yes,1,0,LOTCOR,5,Lotus corniculatus ,introduced,perennial ,legume
2024,20,59,control,SX,yes,1,0,FESARU,20,Festuca arundinacea,introduced,perennial ,grass
2024,20,58,control,XX,yes,0,0,BARE,0,,,,
2024,20,58,control,XX,yes,1,0,SYMLAE,4,Symphyotrichum laeve ,native,perennial ,forb
2024,20,58,control,XX,yes,1,0,FESARU,32,Festuca arundinacea,introduced,perennial ,grass
2024,20,58,control,XX,yes,1,0,SOLCAN,6,Solidago canadensis ,native,perennial ,forb
2024,20,58,control,XX,yes,0,0,LITTER,100,,,,
2024,20,58,control,XX,yes,1,0,BROINE,55,Bromus inermis ,introduced,perennial ,grass
2024,20,58,control,XX,yes,1,0,POAPRA,33,Poa pratensis ,introduced,perennial ,grass
2024,20,58,control,XX,yes,1,0,PHLPRA,5,Phleum pratense,introduced,perennial ,grass
2024,20,58,control,XX,yes,1,0,AMBART,0.5,Ambrosia artemisiifolia,native,annual ,forb
2024,24,72,control,SB,yes,0,0,BARE,3,,,,
2024,24,72,control,SB,yes,1,0,SOLCAN,19,Solidago canadensis ,native,perennial ,forb
2024,24,72,control,SB,yes,1,0,AMBART,1,Ambrosia artemisiifolia,native,annual ,forb
2024,24,72,control,SB,yes,1,0,AGRHYE,13,Agrostis hyemalis,native,perennial ,grass
2024,24,72,control,SB,yes,0,0,LITTER,97,,,,
2024,24,72,control,SB,yes,1,0,DAUCAR,4,Daucus carota,introduced,biennial ,forb
2024,24,72,control,SB,yes,1,0,TRIPRA,1,Trifolium pratense,introduced,biennial ,legume
2024,24,72,control,SB,yes,1,0,BROINE,15,Bromus inermis ,introduced,perennial ,grass
2024,24,72,control,SB,yes,1,0,POAPRA,55,Poa pratensis ,introduced,perennial ,grass
2024,24,72,control,SB,yes,1,0,LOTCOR,33,Lotus corniculatus ,introduced,perennial ,legume
2024,24,72,control,SB,yes,1,0,FESARU,60,Festuca arundinacea,introduced,perennial ,grass
2024,24,71,control,SX,yes,0,0,BARE,2,,,,
2024,24,71,control,SX,yes,1,0,SOLCAN,28,Solidago canadensis ,native,perennial ,forb
2024,24,71,control,SX,yes,1,0,SYMLAE,1,Symphyotrichum laeve ,native,perennial ,forb
2024,24,71,control,SX,yes,0,0,LITTER,98,,,,
2024,24,71,control,SX,yes,1,0,FESARU,48,Festuca arundinacea,introduced,perennial ,grass
2024,24,71,control,SX,yes,1,0,Carex Spp ,8,Carex spp ,native,perennial ,grass
2024,24,71,control,SX,yes,1,0,DAUCAR,1,Daucus carota,introduced,biennial ,forb
2024,24,71,control,SX,yes,1,0,BROINE,10,Bromus inermis ,introduced,perennial ,grass
2024,24,71,control,SX,yes,1,0,POAPRA,70,Poa pratensis ,introduced,perennial ,grass
2024,24,70,control,XX,yes,0,0,BARE,2,,,,
2024,24,70,control,XX,yes,1,0,SOLCAN,12,Solidago canadensis ,native,perennial ,forb
2024,24,70,control,XX,yes,1,0,BROINE,15,Bromus inermis ,introduced,perennial ,grass
2024,24,70,control,XX,yes,0,0,LITTER,98,,,,
2024,24,70,control,XX,yes,1,0,FESARU,42,Festuca arundinacea,introduced,perennial ,grass
2024,24,70,control,XX,yes,1,0,Carex Spp ,30,Carex spp ,native,perennial ,grass
2024,24,70,control,XX,yes,1,0,POAPRA,25,Poa pratensis ,introduced,perennial ,grass
2024,2,6,fire,SB,yes,0,0,BARE,16,,,,
2024,2,6,fire,SB,yes,1,0,TRIPRA,20,Trifolium pratense,introduced,biennial ,legume
2024,2,6,fire,SB,yes,1,0,BROINE,30,Bromus inermis ,introduced,perennial ,grass
2024,2,6,fire,SB,yes,1,0,AMBART,0.5,Ambrosia artemisiifolia,native,annual ,forb
2024,2,6,fire,SB,yes,1,0,APOCAN,5,Apocynum cannabinum ,native,perennial ,forb
2024,2,6,fire,SB,yes,0,0,LITTER,84,,,,
2024,2,6,fire,SB,yes,1,0,PHLPRA,15,Phleum pratense,introduced,perennial ,grass
2024,2,6,fire,SB,yes,1,0,PASSAT,1,Pastinaca sativa ,introduced,biennial ,forb
2024,2,6,fire,SB,yes,1,0,CONARV,1,Convolvulus arvensis ,introduced,perennial ,forb
2024,2,6,fire,SB,yes,1,0,FESARU,28,Festuca arundinacea,introduced,perennial ,grass
2024,2,6,fire,SB,yes,1,0,POAPRA,60,Poa pratensis ,introduced,perennial ,grass
2024,2,6,fire,SB,yes,1,0,DACGLO,6,Dactylis glomerata,introduced,perennial ,grass
2024,2,6,fire,SB,yes,1,0,TOXRAD,3,Toxicodendron radicans,native,perennial ,vine
2024,2,6,fire,SB,yes,0,0,DUNG,12,,,,
2024,2,5,fire,SX,yes,0,0,BARE,8,,,,
2024,2,5,fire,SX,yes,1,0,ELAUMB,80,Elaeagnus umbellata,introduced,perennial ,woody
2024,2,5,fire,SX,yes,1,0,SYMLAE,6,Symphyotrichum laeve ,native,perennial ,forb
2024,2,5,fire,SX,yes,1,0,FESARU,8,Festuca arundinacea,introduced,perennial ,grass
2024,2,5,fire,SX,yes,0,0,LITTER,92,,,,
2024,2,5,fire,SX,yes,1,0,SOLCAN,47,Solidago canadensis ,native,perennial ,forb
2024,2,5,fire,SX,yes,1,0,CONARV,2,Convolvulus arvensis ,introduced,perennial ,forb
2024,2,5,fire,SX,yes,1,0,PASSAT,1,Pastinaca sativa ,introduced,biennial ,forb
2024,2,5,fire,SX,yes,1,0,POAPRA,30,Poa pratensis ,introduced,perennial ,grass
2024,2,5,fire,SX,yes,1,0,BROINE,10,Bromus inermis ,introduced,perennial ,grass
2024,2,4,fire,XX,yes,0,0,BARE,30,,,,
2024,2,4,fire,XX,yes,1,0,SOLCAN,63,Solidago canadensis ,native,perennial ,forb
2024,2,4,fire,XX,yes,1,0,AGRHYE,4,Agrostis hyemalis,native,perennial ,grass
2024,2,4,fire,XX,yes,1,0,DAUCAR,1,Daucus carota,introduced,biennial ,forb
2024,2,4,fire,XX,yes,1,0,AMBTRI,0.1,Ambrosia trifida ,native,annual ,forb
2024,2,4,fire,XX,yes,0,0,LITTER,70,,,,
2024,2,4,fire,XX,yes,1,0,CONARV,1,Convolvulus arvensis ,introduced,perennial ,forb
2024,2,4,fire,XX,yes,1,0,PHLPRA,8,Phleum pratense,introduced,perennial ,grass
2024,2,4,fire,XX,yes,1,0,FESARU,15,Festuca arundinacea,introduced,perennial ,grass
2024,2,4,fire,XX,yes,1,0,BROINE,4,Bromus inermis ,introduced,perennial ,grass
2024,2,4,fire,XX,yes,1,0,POAPRA,25,Poa pratensis ,introduced,perennial ,grass
2024,2,4,fire,XX,yes,1,0,TRIPRA,2,Trifolium pratense,introduced,biennial ,legume
2024,2,4,fire,XX,yes,1,0,DACGLO,4,Dactylis glomerata,introduced,perennial ,grass
2024,3,9,fire,SB,yes,0,0,BARE,3,,,,
2024,3,9,fire,SB,yes,1,0,MONFIS,1,Mondarda fistulosa ,native,perennial ,legume
2024,3,9,fire,SB,yes,1,0,SOLCAN,6,Solidago canadensis ,native,perennial ,forb
2024,3,9,fire,SB,yes,1,0,FESARU,24,Festuca arundinacea,introduced,perennial ,grass
2024,3,9,fire,SB,yes,1,0,AMBTRI,0.2,Ambrosia trifida ,native,annual ,forb
2024,3,9,fire,SB,yes,0,0,LITTER,97,,,,
2024,3,9,fire,SB,yes,1,0,CONARV,1,Convolvulus arvensis ,introduced,perennial ,forb
2024,3,9,fire,SB,yes,1,0,BROINE,45,Bromus inermis ,introduced,perennial ,grass
2024,3,9,fire,SB,yes,1,0,POAPRA,40,Poa pratensis ,introduced,perennial ,grass
2024,3,9,fire,SB,yes,1,0,DACGLO,6,Dactylis glomerata,introduced,perennial ,grass
2024,3,9,fire,SB,yes,1,0,PASSAT,2,Pastinaca sativa ,introduced,biennial ,forb
2024,3,9,fire,SB,yes,1,0,TRIPRA,8,Trifolium pratense,introduced,biennial ,legume
2024,3,9,fire,SB,yes,1,0,DAUCAR,1,Daucus carota,introduced,biennial ,forb
2024,3,9,fire,SB,yes,1,0,LOTCOR,1,Lotus corniculatus ,introduced,perennial ,legume
2024,3,8,fire,SX,yes,1,0,POAPRA,65,Poa pratensis ,introduced,perennial ,grass
2024,3,8,fire,SX,yes,1,0,AGRHYE,7,Agrostis hyemalis,native,perennial ,grass
2024,3,8,fire,SX,yes,1,0,PHLPRA,3,Phleum pratense,introduced,perennial ,grass
2024,3,8,fire,SX,yes,1,0,SOLCAN,21,Solidago canadensis ,native,perennial ,forb
2024,3,8,fire,SX,yes,1,0,DAUCAR,2,Daucus carota,introduced,biennial ,forb
2024,3,8,fire,SX,yes,0,0,BARE,4,,,,
2024,3,8,fire,SX,yes,1,0,SYMLAE,1,Symphyotrichum laeve ,native,perennial ,forb
2024,3,8,fire,SX,yes,1,0,ASCSYR,8,Asclepias syriaca,native,perennial ,forb
2024,3,8,fire,SX,yes,1,0,BROINE,32,Bromus inermis ,introduced,perennial ,grass
2024,3,8,fire,SX,yes,1,0,MONFIS,0.1,Mondarda fistulosa ,native,perennial ,legume
2024,3,8,fire,SX,yes,0,0,LITTER,96,,,,
2024,3,8,fire,SX,yes,1,0,TRIPRA,4,Trifolium pratense,introduced,biennial ,legume
2024,3,8,fire,SX,yes,1,0,FESARU,18,Festuca arundinacea,introduced,perennial ,grass
2024,3,8,fire,SX,yes,1,0,PASSAT,1,Pastinaca sativa ,introduced,biennial ,forb
2024,3,8,fire,SX,yes,1,0,CONARV,1,Convolvulus arvensis ,introduced,perennial ,forb
2024,3,7,fire,XX,yes,0,0,BARE,1,,,,
2024,3,7,fire,XX,yes,1,0,Carex Spp ,4,Carex spp ,native,perennial ,grass
2024,3,7,fire,XX,yes,1,0,MONFIS,1,Mondarda fistulosa ,native,perennial ,legume
2024,3,7,fire,XX,yes,1,0,BROINE,19,Bromus inermis ,introduced,perennial ,grass
2024,3,7,fire,XX,yes,0,0,LITTER,99,,,,
2024,3,7,fire,XX,yes,1,0,SOLCAN,25,Solidago canadensis ,native,perennial ,forb
2024,3,7,fire,XX,yes,1,0,FESARU,27,Festuca arundinacea,introduced,perennial ,grass
2024,3,7,fire,XX,yes,1,0,POAPRA,70,Poa pratensis ,introduced,perennial ,grass
2024,3,7,fire,XX,yes,1,0,DAUCAR,3,Daucus carota,introduced,biennial ,forb
2024,3,7,fire,XX,yes,1,0,CONARV,2,Convolvulus arvensis ,introduced,perennial ,forb
2024,3,7,fire,XX,yes,1,0,PASSAT,1,Pastinaca sativa ,introduced,biennial ,forb
2024,16,48,herbicide,SB,yes,1,0,SOLCAR,5,Solanum carolinense,native,perennial ,forb
2024,16,48,herbicide,SB,yes,1,0,POAPRA,40,Poa pratensis ,introduced,perennial ,grass
2024,16,48,herbicide,SB,yes,1,0,SOLCAN,2,Solidago canadensis ,native,perennial ,forb
2024,16,48,herbicide,SB,yes,1,0,FESARU,3,Festuca arundinacea,introduced,perennial ,grass
2024,16,48,herbicide,SB,yes,0,0,BARE,20,,,,
2024,16,48,herbicide,SB,yes,1,0,TRIPRA,43,Trifolium pratense,introduced,biennial ,legume
2024,16,48,herbicide,SB,yes,1,0,BROINE,4,Bromus inermis ,introduced,perennial ,grass
2024,16,48,herbicide,SB,yes,0,0,DUNG,4,,,,
2024,16,48,herbicide,SB,yes,1,0,AMBART,0.5,Ambrosia artemisiifolia,native,annual ,forb
2024,16,48,herbicide,SB,yes,0,0,LITTER,80,,,,
2024,16,48,herbicide,SB,yes,1,0,DAUCAR,3,Daucus carota,introduced,biennial ,forb
2024,16,48,herbicide,SB,yes,1,0,TRADUB,6,Tragopogon dubius,introduced,biennial ,forb
2024,16,48,herbicide,SB,yes,1,0,SINARV,2,Sinapis arvensis ,introduced,annual ,forb
2024,16,47,herbicide,SX,yes,0,0,BARE,40,,,,
2024,16,47,herbicide,SX,yes,1,0,ACHMIL,2,Achillea millefolium,native,perennial ,forb
2024,16,47,herbicide,SX,yes,1,0,VERURT,2,Verbena urticifolia ,native,perennial ,forb
2024,16,47,herbicide,SX,yes,1,0,AMBART,12,Ambrosia artemisiifolia,native,annual ,forb
2024,16,47,herbicide,SX,yes,0,0,LITTER,60,,,,
2024,16,47,herbicide,SX,yes,1,0,SYMLAE,25,Symphyotrichum laeve ,native,perennial ,forb
2024,16,47,herbicide,SX,yes,1,0,POAPRA,15,Poa pratensis ,introduced,perennial ,grass
2024,16,47,herbicide,SX,yes,1,0,Carex Spp ,18,Carex spp ,native,perennial ,grass
2024,16,47,herbicide,SX,yes,1,0,TRIPRA,9,Trifolium pratense,introduced,biennial ,legume
2024,16,47,herbicide,SX,yes,1,0,CONCAN,3,Conyza canadensis,native,annual ,forb
2024,16,47,herbicide,SX,yes,1,0,TRADUB,6,Tragopogon dubius,introduced,biennial ,forb
2024,16,47,herbicide,SX,yes,1,0,SINARV,2,Sinapis arvensis ,introduced,annual ,forb
2024,16,46,herbicide,XX,yes,0,0,BARE,NA,,,,
2024,16,46,herbicide,XX,yes,1,0,SYMLAE,50,Symphyotrichum laeve ,native,perennial ,forb
2024,16,46,herbicide,XX,yes,1,0,SOLCAR,3,Solanum carolinense,native,perennial ,forb
2024,16,46,herbicide,XX,yes,1,0,CIRDIS,15,Cirsium discolor,native,biennial ,forb
2024,16,46,herbicide,XX,yes,0,0,LITTER,NA,,,,
2024,16,46,herbicide,XX,yes,1,0,MONFIS,2,Mondarda fistulosa ,native,perennial ,legume
2024,16,46,herbicide,XX,yes,1,1,UK Forb 16,4,unknown forb,,,forb
2024,16,46,herbicide,XX,yes,1,0,TRADUB,1,Tragopogon dubius,introduced,biennial ,forb
2024,16,46,herbicide,XX,yes,1,0,DAUCAR,50,Daucus carota,introduced,biennial ,forb
2024,16,46,herbicide,XX,yes,1,0,TRIPRA,10,Trifolium pratense,introduced,biennial ,legume
2024,16,46,herbicide,XX,yes,1,0,SINARV,2,Sinapis arvensis ,introduced,annual ,forb
2024,15,45,herbicide,SB,yes,1,0,DAUCAR,25,Daucus carota,introduced,biennial ,forb
2024,15,45,herbicide,SB,yes,1,0,TRIPRA,33,Trifolium pratense,introduced,biennial ,legume
2024,15,45,herbicide,SB,yes,1,0,SINARV,0.2,Sinapis arvensis ,introduced,annual ,forb
2024,15,45,herbicide,SB,yes,1,1,UK Grass 1,1,unknown grass,,,grass
2024,15,45,herbicide,SB,yes,1,0,CONCAN,15,Conyza canadensis,native,annual ,forb
2024,15,45,herbicide,SB,yes,1,0,POAPRA,28,Poa pratensis ,introduced,perennial ,grass
2024,15,45,herbicide,SB,yes,1,1,UK Forb 17,1,unknown forb,,,forb
2024,15,45,herbicide,SB,yes,1,0,FESARU,6,Festuca arundinacea,introduced,perennial ,grass
2024,15,45,herbicide,SB,yes,1,0,BROINE,3,Bromus inermis ,introduced,perennial ,grass
2024,15,45,herbicide,SB,yes,1,0,OXASTR,0.1,Oxalis stricta ,native,perennial ,forb
2024,15,45,herbicide,SB,yes,1,0,CONARV,0.2,Convolvulus arvensis ,introduced,perennial ,forb
2024,15,45,herbicide,SB,yes,0,0,BARE,90,,,,
2024,15,45,herbicide,SB,yes,0,0,LITTER,10,,,,
2024,15,44,herbicide,SX,yes,1,0,CONCAN,20,Conyza canadensis,native,annual ,forb
2024,15,44,herbicide,SX,yes,1,0,AMBART,8,Ambrosia artemisiifolia,native,annual ,forb
2024,15,44,herbicide,SX,yes,1,0,POAPRA,25,Poa pratensis ,introduced,perennial ,grass
2024,15,44,herbicide,SX,yes,1,0,OXASTR,0.1,Oxalis stricta ,native,perennial ,forb
2024,15,44,herbicide,SX,yes,1,0,PHLPRA,8,Phleum pratense,introduced,perennial ,grass
2024,15,44,herbicide,SX,yes,0,0,BARE,50,,,,
2024,15,44,herbicide,SX,yes,1,0,DAUCAR,8,Daucus carota,introduced,biennial ,forb
2024,15,44,herbicide,SX,yes,1,0,SINARV,0.5,Sinapis arvensis ,introduced,annual ,forb
2024,15,44,herbicide,SX,yes,1,1,UK Forb 18,0.1,unknown forb,,,forb
2024,15,44,herbicide,SX,yes,1,1,UK Grass 1,3,unknown grass,,,grass
2024,15,44,herbicide,SX,yes,0,0,LITTER,50,,,,
2024,15,44,herbicide,SX,yes,1,0,BROINE,6,Bromus inermis ,introduced,perennial ,grass
2024,15,44,herbicide,SX,yes,1,0,TRIPRA,11,Trifolium pratense,introduced,biennial ,legume
2024,15,44,herbicide,SX,yes,1,1,UK Forb 19,0.1,unknown forb,,,forb
2024,15,44,herbicide,SX,yes,1,0,FESARU,2,Festuca arundinacea,introduced,perennial ,grass
2024,15,43,herbicide,XX,yes,1,0,CONARV,1,Convolvulus arvensis ,introduced,perennial ,forb
2024,15,43,herbicide,XX,yes,1,1,UK Forb 20,1,unknown forb,,,forb
2024,15,43,herbicide,XX,yes,1,0,BROINE,8,Bromus inermis ,introduced,perennial ,grass
2024,15,43,herbicide,XX,yes,1,0,FESARU,20,Festuca arundinacea,introduced,perennial ,grass
2024,15,43,herbicide,XX,yes,0,0,BARE,60,,,,
2024,15,43,herbicide,XX,yes,1,1,UK Grass 1,3,unknown grass,,,grass
2024,15,43,herbicide,XX,yes,1,0,VERURT,2,Verbena urticifolia ,native,perennial ,forb
2024,15,43,herbicide,XX,yes,1,0,POAPRA,15,Poa pratensis ,introduced,perennial ,grass
2024,15,43,herbicide,XX,yes,0,0,LITTER,40,,,,
2024,15,43,herbicide,XX,yes,1,0,DAUCAR,42,Daucus carota,introduced,biennial ,forb
2024,15,43,herbicide,XX,yes,1,1,UK Forb 17,0.2,unknown forb,,,forb
2024,15,43,herbicide,XX,yes,1,0,PHLPRA,3,Phleum pratense,introduced,perennial ,grass
2024,14,42,herbicide,SB,yes,0,0,BARE,95,,,,
2024,14,42,herbicide,SB,yes,1,0,Carex Spp ,26,Carex spp ,native,perennial ,grass
2024,14,42,herbicide,SB,yes,1,0,RATPIN,1,Ratibida pinnata ,native,perennial ,forb
2024,14,42,herbicide,SB,yes,1,1,UK Forb 13,0.1,unknown forb,,,forb
2024,14,42,herbicide,SB,yes,0,0,LITTER,5,,,,
2024,14,42,herbicide,SB,yes,1,0,DAUCAR,35,Daucus carota,introduced,biennial ,forb
2024,14,42,herbicide,SB,yes,1,1,UK Forb 21,1,unknown forb,,,forb
2024,14,42,herbicide,SB,yes,1,0,AMBART,1,Ambrosia artemisiifolia,native,annual ,forb
2024,14,42,herbicide,SB,yes,1,0,TRIPRA,28,Trifolium pratense,introduced,biennial ,legume
2024,14,42,herbicide,SB,yes,1,0,POAPRA,15,Poa pratensis ,introduced,perennial ,grass
2024,14,42,herbicide,SB,yes,1,0,CONCAN,2,Conyza canadensis,native,annual ,forb
2024,14,42,herbicide,SB,yes,1,0,BROINE,8,Bromus inermis ,introduced,perennial ,grass
2024,14,41,herbicide,SX,yes,0,0,BARE,30,,,,
2024,14,41,herbicide,SX,yes,1,0,DIPLAC,55,Dipsacus laciniatus,introduced,perennial ,forb
2024,14,41,herbicide,SX,yes,1,0,DAUCAR,36,Daucus carota,introduced,biennial ,forb
2024,14,41,herbicide,SX,yes,1,0,CIRARV,7,Cirsium arvense,introduced,perennial ,forb
2024,14,41,herbicide,SX,yes,1,0,TAROFF,1,Taraxacum officnale ,introduced,perennial ,forb
2024,14,41,herbicide,SX,yes,0,0,LITTER,70,,,,
2024,14,41,herbicide,SX,yes,1,0,CONCAN,7,Conyza canadensis,native,annual ,forb
2024,14,41,herbicide,SX,yes,1,0,TRIPRA,8,Trifolium pratense,introduced,biennial ,legume
2024,14,41,herbicide,SX,yes,1,0,SOLCAR,NA,Solanum carolinense,native,perennial ,forb
2024,14,41,herbicide,SX,yes,1,0,POAPRA,15,Poa pratensis ,introduced,perennial ,grass
2024,14,41,herbicide,SX,yes,1,0,DIPLAC,3,Dipsacus laciniatus,introduced,perennial ,forb
2024,14,41,herbicide,SX,yes,1,0,TRADUB,11,Tragopogon dubius,introduced,biennial ,forb
2024,14,41,herbicide,SX,yes,1,0,BROINE,9,Bromus inermis ,introduced,perennial ,grass
2024,14,41,herbicide,SX,yes,1,0,AMBART,1,Ambrosia artemisiifolia,native,annual ,forb
2024,14,40,herbicide,XX,yes,0,0,BARE,60,,,,
2024,14,40,herbicide,XX,yes,1,0,CONARV,1,Convolvulus arvensis ,introduced,perennial ,forb
2024,14,40,herbicide,XX,yes,1,0,Scirpus spp ,33,Scirpus spp ,native,perennial ,grass
2024,14,40,herbicide,XX,yes,1,0,DIPLAC,22,Dipsacus laciniatus,introduced,perennial ,forb
2024,14,40,herbicide,XX,yes,0,0,LITTER,40,,,,
2024,14,40,herbicide,XX,yes,1,0,TRIPRA,12,Trifolium pratense,introduced,biennial ,legume
2024,14,40,herbicide,XX,yes,1,0,POAPRA,5,Poa pratensis ,introduced,perennial ,grass
2024,14,40,herbicide,XX,yes,1,0,DAUCAR,45,Daucus carota,introduced,biennial ,forb
2024,14,40,herbicide,XX,yes,1,0,SYMLAE,6,Symphyotrichum laeve ,native,perennial ,forb
2024,14,40,herbicide,XX,yes,1,0,VERURT,1,Verbena urticifolia ,native,perennial ,forb
2024,10,30,mow,SB,yes,1,0,SOLCAN,25,Solidago canadensis ,native,perennial ,forb
2024,10,30,mow,SB,yes,1,0,DAUCAR,4,Daucus carota,introduced,biennial ,forb
2024,10,30,mow,SB,yes,1,0,FESARU,12,Festuca arundinacea,introduced,perennial ,grass
2024,10,30,mow,SB,yes,1,0,Scirpus spp ,8,Scirpus spp ,native,perennial ,grass
2024,10,30,mow,SB,yes,0,0,BARE,75,,,,
2024,10,30,mow,SB,yes,1,0,PASSAT,10,Pastinaca sativa ,introduced,biennial ,forb
2024,10,30,mow,SB,yes,1,0,POAPRA,40,Poa pratensis ,introduced,perennial ,grass
2024,10,30,mow,SB,yes,1,0,MONFIS,2,Mondarda fistulosa ,native,perennial ,legume
2024,10,30,mow,SB,yes,1,0,CONARV,0.2,Convolvulus arvensis ,introduced,perennial ,forb
2024,10,30,mow,SB,yes,0,0,LITTER,25,,,,
2024,10,30,mow,SB,yes,1,0,TRIPRA,0.18,Trifolium pratense,introduced,biennial ,legume
2024,10,30,mow,SB,yes,1,0,BROINE,15,Bromus inermis ,introduced,perennial ,grass
2024,10,30,mow,SB,yes,1,0,DACGLO,3,Dactylis glomerata,introduced,perennial ,grass
2024,10,30,mow,SB,yes,1,0,TRADUB,2,Tragopogon dubius,introduced,biennial ,forb
2024,10,29,mow,SX,yes,0,0,BARE,15,,,,
2024,10,29,mow,SX,yes,1,0,Scirpus spp ,8,Scirpus spp ,native,perennial ,grass
2024,10,29,mow,SX,yes,1,0,PASSAT,5,Pastinaca sativa ,introduced,biennial ,forb
2024,10,29,mow,SX,yes,1,0,POAPRA,40,Poa pratensis ,introduced,perennial ,grass
2024,10,29,mow,SX,yes,1,0,APOCAN,2,Apocynum cannabinum ,native,perennial ,forb
2024,10,29,mow,SX,yes,1,0,ASCSYR,0.5,Asclepias syriaca,native,perennial ,forb
2024,10,29,mow,SX,yes,1,0,TRADUB,2,Tragopogon dubius,introduced,biennial ,forb
2024,10,29,mow,SX,yes,0,0,LITTER,85,,,,
2024,10,29,mow,SX,yes,1,0,DAUCAR,7,Daucus carota,introduced,biennial ,forb
2024,10,29,mow,SX,yes,1,0,BROINE,24,Bromus inermis ,introduced,perennial ,grass
2024,10,29,mow,SX,yes,1,0,CONARV,1,Convolvulus arvensis ,introduced,perennial ,forb
2024,10,29,mow,SX,yes,1,0,DACGLO,12,Dactylis glomerata,introduced,perennial ,grass
2024,10,29,mow,SX,yes,1,0,MEDLUP,0.1,Medicago lupulina ,introduced,perennial ,legume
2024,10,29,mow,SX,yes,1,0,SOLCAR,11,Solanum carolinense,native,perennial ,forb
2024,10,29,mow,SX,yes,1,0,SOLCAN,6,Solidago canadensis ,native,perennial ,forb
2024,10,29,mow,SX,yes,1,0,FESARU,14,Festuca arundinacea,introduced,perennial ,grass
2024,10,29,mow,SX,yes,1,0,TRIPRA,8,Trifolium pratense,introduced,biennial ,legume
2024,10,29,mow,SX,yes,1,0,TAROFF,0.5,Taraxacum officnale ,introduced,perennial ,forb
2024,10,28,mow,XX,yes,0,0,BARE,6,,,,
2024,10,28,mow,XX,yes,1,0,SOLCAR,3,Solanum carolinense,native,perennial ,forb
2024,10,28,mow,XX,yes,1,0,DAUCAR,2,Daucus carota,introduced,biennial ,forb
2024,10,28,mow,XX,yes,1,0,PASSAT,2,Pastinaca sativa ,introduced,biennial ,forb
2024,10,28,mow,XX,yes,1,0,Scirpus spp ,2,Scirpus spp ,native,perennial ,grass
2024,10,28,mow,XX,yes,1,1,UK Forb 22,0.3,unknown forb,,,forb
2024,10,28,mow,XX,yes,0,0,LITTER,94,,,,
2024,10,28,mow,XX,yes,1,0,BROINE,27,Bromus inermis ,introduced,perennial ,grass
2024,10,28,mow,XX,yes,1,0,SYMLAE,3,Symphyotrichum laeve ,native,perennial ,forb
2024,10,28,mow,XX,yes,1,0,TRIPRA,2,Trifolium pratense,introduced,biennial ,legume
2024,10,28,mow,XX,yes,1,0,FESARU,36,Festuca arundinacea,introduced,perennial ,grass
2024,10,28,mow,XX,yes,1,0,ELAUMB,8,Elaeagnus umbellata,introduced,perennial ,woody
2024,10,28,mow,XX,yes,1,0,SOLCAN,18,Solidago canadensis ,native,perennial ,forb
2024,10,28,mow,XX,yes,1,0,POAPRA,41,Poa pratensis ,introduced,perennial ,grass
2024,10,28,mow,XX,yes,1,0,DACGLO,6,Dactylis glomerata,introduced,perennial ,grass
2024,10,28,mow,XX,yes,1,0,TRADUB,2,Tragopogon dubius,introduced,biennial ,forb
2024,4,12,fire,SB,yes,1,0,SORNUT,15,Sorghastrum nutans,native,perennial ,grass
2024,4,12,fire,SB,yes,1,0,SOLCAN,5,Solidago canadensis ,native,perennial ,forb
2024,4,12,fire,SB,yes,1,0,POAPRA,32,Poa pratensis ,introduced,perennial ,grass
2024,4,12,fire,SB,yes,1,0,SYMLAE,1,Symphyotrichum laeve ,native,perennial ,forb
2024,4,12,fire,SB,yes,1,0,SOLCAR,2,Solanum carolinense,native,perennial ,forb
2024,4,12,fire,SB,yes,0,0,BARE,40,,,,
2024,4,12,fire,SB,yes,1,0,MACPOM,65,Maclura pomifera,native,perennial ,woody
2024,4,12,fire,SB,yes,1,0,MONFIS,3,Mondarda fistulosa ,native,perennial ,legume
2024,4,12,fire,SB,yes,1,0,TRIPRA,5,Trifolium pratense,introduced,biennial ,legume
2024,4,12,fire,SB,yes,1,0, TOXRAD,3,Toxicodendron radicans,native,perennial ,vine
2024,4,12,fire,SB,yes,0,0,LITTER,60,,,,
2024,4,12,fire,SB,yes,1,0,AMBART,0.1,Ambrosia artemisiifolia,native,annual ,forb
2024,4,12,fire,SB,yes,1,0,PASSAT,3,Pastinaca sativa ,introduced,biennial ,forb
2024,4,12,fire,SB,yes,1,0,PHLPRA,4,Phleum pratense,introduced,perennial ,grass
2024,4,12,fire,SB,yes,1,0,DAUCAR,2,Daucus carota,introduced,biennial ,forb
2024,4,11,fire,SX,yes,0,0,BARE,4,,,,
2024,4,11,fire,SX,yes,1,0,MONFIS,1,Mondarda fistulosa ,native,perennial ,legume
2024,4,11,fire,SX,yes,1,0,SOLCAR,1,Solanum carolinense,native,perennial ,forb
2024,4,11,fire,SX,yes,1,0,FESARU,35,Festuca arundinacea,introduced,perennial ,grass
2024,4,11,fire,SX,yes,0,0,LITTER,96,,,,
2024,4,11,fire,SX,yes,1,0,SOLCAN,28,Solidago canadensis ,native,perennial ,forb
2024,4,11,fire,SX,yes,1,0,DAUCAR,0.2,Daucus carota,introduced,biennial ,forb
2024,4,11,fire,SX,yes,1,0,SYMLAE,1,Symphyotrichum laeve ,native,perennial ,forb
2024,4,11,fire,SX,yes,1,0,POAPRA,70,Poa pratensis ,introduced,perennial ,grass
2024,4,11,fire,SX,yes,1,0,CONARV,2,Convolvulus arvensis ,introduced,perennial ,forb
2024,4,10,fire,XX,yes,0,0,BARE,2,,,,
2024,4,10,fire,XX,yes,0,0,LITTER,98,,,,
2024,4,10,fire,XX,yes,1,0,SOLCAR,1,Solanum carolinense,native,perennial ,forb
2024,4,10,fire,XX,yes,1,0,AMBART,0.1,Ambrosia artemisiifolia,native,annual ,forb
2024,4,10,fire,XX,yes,1,0,MELOFF,14,Melilotus officinalis ,introduced,perennial ,legume
2024,4,10,fire,XX,yes,1,0,SOLCAN,42,Solidago canadensis ,native,perennial ,forb
2024,4,10,fire,XX,yes,1,0,PASSAT,1,Pastinaca sativa ,introduced,biennial ,forb
2024,4,10,fire,XX,yes,1,0,MACPOM,18,Maclura pomifera,native,perennial ,woody
2024,4,10,fire,XX,yes,1,0,POAPRA,85,Poa pratensis ,introduced,perennial ,grass
2024,4,10,fire,XX,yes,1,0,TRIPRA,2,Trifolium pratense,introduced,biennial ,legume
2024,22,66,control,SB,yes,0,0,BARE,1,,,,
2024,22,66,control,SB,yes,1,0,BROINE,38,Bromus inermis ,introduced,perennial ,grass
2024,22,66,control,SB,yes,1,0,DAUCAR,4,Daucus carota,introduced,biennial ,forb
2024,22,66,control,SB,yes,1,1,UK Forb 23,0.5,unknown forb,,,forb
2024,22,66,control,SB,yes,1,0,CIRARV,0.1,Cirsium arvense,introduced,perennial ,forb
2024,22,66,control,SB,yes,0,0,LITTER,99,,,,
2024,22,66,control,SB,yes,1,0,POAPRA,33,Poa pratensis ,introduced,perennial ,grass
2024,22,66,control,SB,yes,1,0,SYMLAE,2,Symphyotrichum laeve ,native,perennial ,forb
2024,22,66,control,SB,yes,1,0,FESARU,17,Festuca arundinacea,introduced,perennial ,grass
2024,22,66,control,SB,yes,1,0,AMBART,0.1,Ambrosia artemisiifolia,native,annual ,forb
2024,22,66,control,SB,yes,1,0,SOLCAN,2,Solidago canadensis ,native,perennial ,forb
2024,22,66,control,SB,yes,1,0,TRIPRA,2,Trifolium pratense,introduced,biennial ,legume
2024,22,66,control,SB,yes,1,0,CIRDIS,1,Cirsium discolor,native,biennial ,forb
2024,22,66,control,SB,yes,1,0,PHLPRA,8,Phleum pratense,introduced,perennial ,grass
2024,22,65,control,SX,yes,0,0,BARE,4,,,,
2024,22,65,control,SX,yes,1,0,BROINE,55,Bromus inermis ,introduced,perennial ,grass
2024,22,65,control,SX,yes,1,0,SOLCAR,1,Solanum carolinense,native,perennial ,forb
2024,22,65,control,SX,yes,0,0,LITTER,96,,,,
2024,22,65,control,SX,yes,1,0,CIRDIS,1,Cirsium discolor,native,biennial ,forb
2024,22,65,control,SX,yes,1,0,DACGLO,3,Dactylis glomerata,introduced,perennial ,grass
2024,22,65,control,SX,yes,1,0,CONARV,2,Convolvulus arvensis ,introduced,perennial ,forb
2024,22,65,control,SX,yes,1,0,FESARU,20,Festuca arundinacea,introduced,perennial ,grass
2024,22,65,control,SX,yes,1,0,POAPRA,20,Poa pratensis ,introduced,perennial ,grass
2024,22,64,control,XX,yes,0,0,BARE,1,,,,
2024,22,64,control,XX,yes,1,0,BROINE,75,Bromus inermis ,introduced,perennial ,grass
2024,22,64,control,XX,yes,1,0,CIRARV,0.2,Cirsium arvense,introduced,perennial ,forb
2024,22,64,control,XX,yes,0,0,LITTER,99,,,,
2024,22,64,control,XX,yes,1,0,DACGLO,8,Dactylis glomerata,introduced,perennial ,grass
2024,22,64,control,XX,yes,1,0,CONARV,0.3,Convolvulus arvensis ,introduced,perennial ,forb
2024,22,64,control,XX,yes,1,0,POAPRA,15,Poa pratensis ,introduced,perennial ,grass
2024,22,64,control,XX,yes,1,0,FESARU,8,Festuca arundinacea,introduced,perennial ,grass
2024,17,51,herbicide,SB,yes,0,0,BARE,85,,,,
2024,17,51,herbicide,SB,yes,1,0,TRIPRA,30,Trifolium pratense,introduced,biennial ,legume
2024,17,51,herbicide,SB,yes,1,0,BROINE,18,Bromus inermis ,introduced,perennial ,grass
2024,17,51,herbicide,SB,yes,1,0,RATPIN,0.1,Ratibida pinnata ,native,perennial ,forb
2024,17,51,herbicide,SB,yes,0,0,LITTER,15,,,,
2024,17,51,herbicide,SB,yes,1,0,SYMLAE,12,Symphyotrichum laeve ,native,perennial ,forb
2024,17,51,herbicide,SB,yes,1,0,SINARV,0.1,Sinapis arvensis ,introduced,annual ,forb
2024,17,51,herbicide,SB,yes,1,0,DAUCAR,17,Daucus carota,introduced,biennial ,forb
2024,17,51,herbicide,SB,yes,1,0,POAPRA,10,Poa pratensis ,introduced,perennial ,grass
2024,17,51,herbicide,SB,yes,1,0,CONARV,1,Convolvulus arvensis ,introduced,perennial ,forb
2024,17,50,herbicide,SX,yes,0,0,BARE,90,,,,
2024,17,50,herbicide,SX,yes,1,0,TRIPRA,25,Trifolium pratense,introduced,biennial ,legume
2024,17,50,herbicide,SX,yes,1,0,DIPLAC,70,Dipsacus laciniatus,introduced,perennial ,forb
2024,17,50,herbicide,SX,yes,1,1, UK Forb 16,2,unknown forb,,,forb
2024,17,50,herbicide,SX,yes,0,0,LITTER,10,,,,
2024,17,50,herbicide,SX,yes,1,0,CONCAN,16,Conyza canadensis,native,annual ,forb
2024,17,50,herbicide,SX,yes,1,0,SOLCAN,1,Solidago canadensis ,native,perennial ,forb
2024,17,50,herbicide,SX,yes,1,0,RATPIN,1,Ratibida pinnata ,native,perennial ,forb
2024,17,50,herbicide,SX,yes,1,0,CONARV,3,Convolvulus arvensis ,introduced,perennial ,forb
2024,17,50,herbicide,SX,yes,1,0,POAPRA,38,Poa pratensis ,introduced,perennial ,grass
2024,17,50,herbicide,SX,yes,1,0,TAROFF,2,Taraxacum officnale ,introduced,perennial ,forb
2024,17,50,herbicide,SX,yes,1,0,FESARU,6,Festuca arundinacea,introduced,perennial ,grass
2024,17,49,herbicide,XX,yes,0,0,BARE,85,,,,
2024,17,49,herbicide,XX,yes,1,0,DIPLAC,1,Dipsacus laciniatus,introduced,perennial ,forb
2024,17,49,herbicide,XX,yes,1,0,TRIPRA,6,Trifolium pratense,introduced,biennial ,legume
2024,17,49,herbicide,XX,yes,1,0,DAUCAR,30,Daucus carota,introduced,biennial ,forb
2024,17,49,herbicide,XX,yes,1,0,RATPIN,0.2,Ratibida pinnata ,native,perennial ,forb
2024,17,49,herbicide,XX,yes,0,0,LITTER,15,,,,
2024,17,49,herbicide,XX,yes,1,0,PHLPRA,12,Phleum pratense,introduced,perennial ,grass
2024,17,49,herbicide,XX,yes,1,0,CONARV,2,Convolvulus arvensis ,introduced,perennial ,forb
2024,17,49,herbicide,XX,yes,1,0,VERURT,1,Verbena urticifolia ,native,perennial ,forb
2024,17,49,herbicide,XX,yes,1,0,RUDHIR,0.1,Rudbeckia hirta ,native,perennial ,forb
2024,17,49,herbicide,XX,yes,1,0,ERIANN,55,Erigeron annuus ,native,annual ,forb
2024,17,49,herbicide,XX,yes,1,0,BROINE,8,Bromus inermis ,introduced,perennial ,grass
2024,17,49,herbicide,XX,yes,1,0,POAPRA,NA,Poa pratensis ,introduced,perennial ,grass
2024,17,49,herbicide,XX,yes,1,0,CIRDIS,3,Cirsium discolor,native,biennial ,forb
2024,21,63,control,SB,yes,0,0,BARE,5,,,,
2024,21,63,control,SB,yes,1,0,LOTCOR,15,Lotus corniculatus ,introduced,perennial ,legume
2024,21,63,control,SB,yes,1,0,DAUCAR,1,Daucus carota,introduced,biennial ,forb
2024,21,63,control,SB,yes,1,0,FESARU,45,Festuca arundinacea,introduced,perennial ,grass
2024,21,63,control,SB,yes,1,0,PHLPRA,3,Phleum pratense,introduced,perennial ,grass
2024,21,63,control,SB,yes,0,0,LITTER,95,,,,
2024,21,63,control,SB,yes,1,0,BROINE,55,Bromus inermis ,introduced,perennial ,grass
2024,21,63,control,SB,yes,1,0,CIRDIS,5,Cirsium discolor,native,biennial ,forb
2024,21,63,control,SB,yes,1,0,POAPRA,28,Poa pratensis ,introduced,perennial ,grass
2024,21,63,control,SB,yes,1,0,CONARV,2,Convolvulus arvensis ,introduced,perennial ,forb
2024,21,63,control,SB,yes,1,0,TRIPRA,1,Trifolium pratense,introduced,biennial ,legume
2024,21,63,control,SB,yes,1,0,AMBART,1,Ambrosia artemisiifolia,native,annual ,forb
2024,21,62,control,SX,yes,0,0,BARE,1,,,,
2024,21,62,control,SX,yes,1,0,BROINE,27,Bromus inermis ,introduced,perennial ,grass
2024,21,62,control,SX,yes,1,0,PHLPRA,9,Phleum pratense,introduced,perennial ,grass
2024,21,62,control,SX,yes,1,0,LOTCOR,2,Lotus corniculatus ,introduced,perennial ,legume
2024,21,62,control,SX,yes,0,0,LITTER,99,,,,
2024,21,62,control,SX,yes,1,0,POAPRA,52,Poa pratensis ,introduced,perennial ,grass
2024,21,62,control,SX,yes,1,0,CIRDIS,18,Cirsium discolor,native,biennial ,forb
2024,21,62,control,SX,yes,1,0,SOLCAR,4,Solanum carolinense,native,perennial ,forb
2024,21,62,control,SX,yes,1,0,FESARU,28,Festuca arundinacea,introduced,perennial ,grass
2024,21,62,control,SX,yes,1,0,CONARV,1,Convolvulus arvensis ,introduced,perennial ,forb
2024,21,61,control,XX,yes,0,0,BARE,1,,,,
2024,21,61,control,XX,yes,1,0,CIRDIS,12,Cirsium discolor,native,biennial ,forb
2024,21,61,control,XX,yes,1,0,SOLCAR,2,Solanum carolinense,native,perennial ,forb
2024,21,61,control,XX,yes,1,0,AMBART,1,Ambrosia artemisiifolia,native,annual ,forb
2024,21,61,control,XX,yes,0,0,LITTER,99,,,,
2024,21,61,control,XX,yes,1,0,ASCSYR,2,Asclepias syriaca,native,perennial ,forb
2024,21,61,control,XX,yes,1,0,LOTCOR,50,Lotus corniculatus ,introduced,perennial ,legume
2024,21,61,control,XX,yes,1,0,CONARV,1,Convolvulus arvensis ,introduced,perennial ,forb
2024,21,61,control,XX,yes,1,0,FESARU,60,Festuca arundinacea,introduced,perennial ,grass
2024,21,61,control,XX,yes,1,0,BROINE,5,Bromus inermis ,introduced,perennial ,grass
2024,21,61,control,XX,yes,1,0,POAPRA,30,Poa pratensis ,introduced,perennial ,grass
2024,21,61,control,XX,yes,1,0,CIRARV,1,Cirsium arvense,introduced,perennial ,forb
2024,23,69,control,SB,yes,0,0,BARE,3,,,,
2024,23,69,control,SB,yes,1,0,AMBTRI,1,Ambrosia trifida ,native,annual ,forb
2024,23,69,control,SB,yes,1,0,BROINE,16,Bromus inermis ,introduced,perennial ,grass
2024,23,69,control,SB,yes,0,0,LITTER,97,,,,
2024,23,69,control,SB,yes,1,0,DAUCAR,15,Daucus carota,introduced,biennial ,forb
2024,23,69,control,SB,yes,1,0,SOLCAN,9,Solidago canadensis ,native,perennial ,forb
2024,23,69,control,SB,yes,1,0,POAPRA,80,Poa pratensis ,introduced,perennial ,grass
2024,23,69,control,SB,yes,1,0,TRIPRA,14,Trifolium pratense,introduced,biennial ,legume
2024,23,69,control,SB,yes,1,0,FESARU,31,Festuca arundinacea,introduced,perennial ,grass
2024,23,68,control,SX,yes,0,0,BARE,20,,,,
2024,23,68,control,SX,yes,1,0,SOLCAN,90,Solidago canadensis ,native,perennial ,forb
2024,23,68,control,SX,yes,1,0,BROINE,5,Bromus inermis ,introduced,perennial ,grass
2024,23,68,control,SX,yes,0,0,LITTER,80,,,,
2024,23,68,control,SX,yes,1,0,DAUCAR,3,Daucus carota,introduced,biennial ,forb
2024,23,68,control,SX,yes,1,0,POAPRA,38,Poa pratensis ,introduced,perennial ,grass
2024,23,68,control,SX,yes,1,0,FESARU,15,Festuca arundinacea,introduced,perennial ,grass
2024,23,67,control,XX,yes,0,0,BARE,1,,,,
2024,23,67,control,XX,yes,1,0,FESARU,90,Festuca arundinacea,introduced,perennial ,grass
2024,23,67,control,XX,yes,0,0,LITTER,99,,,,
2024,23,67,control,XX,yes,1,0,POAPRA,20,Poa pratensis ,introduced,perennial ,grass
2024,23,67,control,XX,yes,1,0,AMBTRI,1,Ambrosia trifida ,native,annual ,forb
2024,11,33,mow,SB,yes,0,0,BARE,28,,,,
2024,11,33,mow,SB,yes,1,0,TRIPRA,22,Trifolium pratense,introduced,biennial ,legume
2024,11,33,mow,SB,yes,1,0,BROINE,48,Bromus inermis ,introduced,perennial ,grass
2024,11,33,mow,SB,yes,1,0,FESARU,32,Festuca arundinacea,introduced,perennial ,grass
2024,11,33,mow,SB,yes,0,0,LITTER,72,,,,
2024,11,33,mow,SB,yes,1,0,SOLCAN,5,Solidago canadensis ,native,perennial ,forb
2024,11,33,mow,SB,yes,1,0,AMBART,1,Ambrosia artemisiifolia,native,annual ,forb
2024,11,33,mow,SB,yes,1,1,UK Forb 27,1,unknown forb,,,forb
2024,11,33,mow,SB,yes,1,0,SOLCAR,2,Solanum carolinense,native,perennial ,forb
2024,11,33,mow,SB,yes,1,0,POAPRA,25,Poa pratensis ,introduced,perennial ,grass
2024,11,33,mow,SB,yes,1,0,DAUCAR,2,Daucus carota,introduced,biennial ,forb
2024,11,32,mow,SX,yes,0,0,BARE,15,,,,
2024,11,32,mow,SX,yes,1,0,SOLCAN,15,Solidago canadensis ,native,perennial ,forb
2024,11,32,mow,SX,yes,1,0,PHLPRA,6,Phleum pratense,introduced,perennial ,grass
2024,11,32,mow,SX,yes,1,0,POAPRA,60,Poa pratensis ,introduced,perennial ,grass
2024,11,32,mow,SX,yes,1,0,DACGLO,4,Dactylis glomerata,introduced,perennial ,grass
2024,11,32,mow,SX,yes,0,0,LITTER,85,,,,
2024,11,32,mow,SX,yes,1,0,MONFIS,5,Mondarda fistulosa ,native,perennial ,legume
2024,11,32,mow,SX,yes,1,0,ASCSYR,0.6,Asclepias syriaca,native,perennial ,forb
2024,11,32,mow,SX,yes,1,0,RATPIN,0.1,Ratibida pinnata ,native,perennial ,forb
2024,11,32,mow,SX,yes,1,0,MEDSAT,25,Medicago sativa,introduced,perennial ,legume
2024,11,32,mow,SX,yes,1,0,BROINE,56,Bromus inermis ,introduced,perennial ,grass
2024,11,32,mow,SX,yes,1,0,AGRHYE,2,Agrostis hyemalis,native,perennial ,grass
2024,11,32,mow,SX,yes,1,0,DAUCAR,0.5,Daucus carota,introduced,biennial ,forb
2024,11,31,mow,XX,yes,0,0,BARE,10,,,,
2024,11,31,mow,XX,yes,1,0,BROINE,42,Bromus inermis ,introduced,perennial ,grass
2024,11,31,mow,XX,yes,1,0,PASSAT,7,Pastinaca sativa ,introduced,biennial ,forb
2024,11,31,mow,XX,yes,1,0,MONFIS,1,Mondarda fistulosa ,native,perennial ,legume
2024,11,31,mow,XX,yes,1,0,DAUCAR,1,Daucus carota,introduced,biennial ,forb
2024,11,31,mow,XX,yes,1,0,FESARU,26,Festuca arundinacea,introduced,perennial ,grass
2024,11,31,mow,XX,yes,0,0,LITTER,90,,,,
2024,11,31,mow,XX,yes,1,0,DACGLO,6,Dactylis glomerata,introduced,perennial ,grass
2024,11,31,mow,XX,yes,1,0,CONARV,2,Convolvulus arvensis ,introduced,perennial ,forb
2024,11,31,mow,XX,yes,1,0,SYMLAE,3,Symphyotrichum laeve ,native,perennial ,forb
2024,11,31,mow,XX,yes,1,0,SOLCAR,2,Solanum carolinense,native,perennial ,forb
2024,11,31,mow,XX,yes,1,0,MEDSAT,5,Medicago sativa,introduced,perennial ,legume
2024,11,31,mow,XX,yes,1,0,POAPRA,45,Poa pratensis ,introduced,perennial ,grass
2024,11,31,mow,XX,yes,1,0,TRIPRA,2,Trifolium pratense,introduced,biennial ,legume
2024,11,31,mow,XX,yes,1,0,AGRHYE,7,Agrostis hyemalis,native,perennial ,grass
2024,11,31,mow,XX,yes,1,1,UK Forb 27,1,unknown forb,,,forb
2024,18,54,herbicide,SB,yes,0,0,BARE,80,,,,
2024,18,54,herbicide,SB,yes,1,0,TRIPRA,27,Trifolium pratense,introduced,biennial ,legume
2024,18,54,herbicide,SB,yes,1,0,POAPRA,50,Poa pratensis ,introduced,perennial ,grass
2024,18,54,herbicide,SB,yes,1,0,RATPIN,0.5,Ratibida pinnata ,native,perennial ,forb
2024,18,54,herbicide,SB,yes,1,0,ASCSYR,NA,Asclepias syriaca,native,perennial ,forb
2024,18,54,herbicide,SB,yes,1,1,UK Forb 34,0.2,unknown forb,,,forb
2024,18,54,herbicide,SB,yes,1,0,Scirpus spp ,1,Scirpus spp ,native,perennial ,grass
2024,18,54,herbicide,SB,yes,0,0,LITTER,20,,,,
2024,18,54,herbicide,SB,yes,1,0,PLALAN,3,Plantago lanceolata ,introduced,perennial ,forb
2024,18,54,herbicide,SB,yes,1,0,SYMLAE,1,Symphyotrichum laeve ,native,perennial ,forb
2024,18,54,herbicide,SB,yes,1,0,CONARV,0.4,Convolvulus arvensis ,introduced,perennial ,forb
2024,18,54,herbicide,SB,yes,1,1,UK Forb 29,0.1,unknown forb,,,forb
2024,18,54,herbicide,SB,yes,1,1,UK Forb 35,0.1,unknown forb,,,forb
2024,18,54,herbicide,SB,yes,1,0,BROINE,8,Bromus inermis ,introduced,perennial ,grass
2024,18,54,herbicide,SB,yes,1,0,AMBART,1,Ambrosia artemisiifolia,native,annual ,forb
2024,18,54,herbicide,SB,yes,1,0,DAUCAR,10,Daucus carota,introduced,biennial ,forb
2024,18,54,herbicide,SB,yes,1,0,SINARV,0.1,Sinapis arvensis ,introduced,annual ,forb
2024,18,54,herbicide,SB,yes,1,0,FESARU,3,Festuca arundinacea,introduced,perennial ,grass
2024,18,54,herbicide,SB,yes,1,1,UK Forb 33,0.1,unknown forb,,,forb
2024,18,54,herbicide,SB,yes,1,1,UK Forb 32,0.1,unknown forb,,,forb
2024,18,53,herbicide,SX,yes,0,0,BARE,50,,,,
2024,18,53,herbicide,SX,yes,1,0,SYMPIL,90,Symphyotrcchum pilosum ,native,perennial ,forb
2024,18,53,herbicide,SX,yes,1,0,POAPRA,10,Poa pratensis ,introduced,perennial ,grass
2024,18,53,herbicide,SX,yes,1,0,OXASTR,0.3,Oxalis stricta ,native,perennial ,forb
2024,18,53,herbicide,SX,yes,1,0,TRIPRA,3,Trifolium pratense,introduced,biennial ,legume
2024,18,53,herbicide,SX,yes,0,0,LITTER,50,,,,
2024,18,53,herbicide,SX,yes,1,0,CONARV,2,Convolvulus arvensis ,introduced,perennial ,forb
2024,18,53,herbicide,SX,yes,1,1,UK Forb 35,1,unknown forb,,,forb
2024,18,53,herbicide,SX,yes,1,1,UK Forb 32,0.1,unknown forb,,,forb
2024,18,53,herbicide,SX,yes,1,0,SOLCAR,1,Solanum carolinense,native,perennial ,forb
2024,18,53,herbicide,SX,yes,1,0,CONCAN,5,Conyza canadensis,native,annual ,forb
2024,18,53,herbicide,SX,yes,1,0,DIPLAC,2,Dipsacus laciniatus,introduced,perennial ,forb
2024,18,53,herbicide,SX,yes,1,1,UK Forb 31,0.3,unknown forb,,,forb
2024,18,53,herbicide,SX,yes,1,0,TRADUB,1,Tragopogon dubius,introduced,biennial ,forb
2024,18,52,herbicide,XX,yes,0,0,BARE,20,,,,
2024,18,52,herbicide,XX,yes,1,0,DAUCAR,40,Daucus carota,introduced,biennial ,forb
2024,18,52,herbicide,XX,yes,1,0,MACPOM,25,Maclura pomifera,native,perennial ,woody
2024,18,52,herbicide,XX,yes,1,0,CONCAN,1,Conyza canadensis,native,annual ,forb
2024,18,52,herbicide,XX,yes,1,1,UK Forb 8,0.1,unknown forb,,,forb
2024,18,52,herbicide,XX,yes,0,0,LITTER,80,,,,
2024,18,52,herbicide,XX,yes,1,0,SYMPIL,20,Symphyotrcchum pilosum ,native,perennial ,forb
2024,18,52,herbicide,XX,yes,1,0,DIPLAC,1,Dipsacus laciniatus,introduced,perennial ,forb
2024,18,52,herbicide,XX,yes,1,0,RUDSPEC,1,Rudbeckia speciosa ,native,perennial ,forb
2024,18,52,herbicide,XX,yes,1,0,CONARV,1,Convolvulus arvensis ,introduced,perennial ,forb
2024,18,52,herbicide,XX,yes,1,0,TRIPRA,10,Trifolium pratense,introduced,biennial ,legume
2024,18,52,herbicide,XX,yes,1,0,CIRDIS,1,Cirsium discolor,native,biennial ,forb
2024,18,52,herbicide,XX,yes,1,0,CIRARV,1,Cirsium arvense,introduced,perennial ,forb
2024,5,15,fire,SB,yes,0,0,BARE,60,,,,
2024,5,15,fire,SB,yes,1,0,SORNUT,8,Sorghastrum nutans,native,perennial ,grass
2024,5,15,fire,SB,yes,1,0,PASSAT,4,Pastinaca sativa ,introduced,biennial ,forb
2024,5,15,fire,SB,yes,1,0,BROINE,13,Bromus inermis ,introduced,perennial ,grass
2024,5,15,fire,SB,yes,0,0,LITTER,40,,,,
2024,5,15,fire,SB,yes,1,0,TRIPRA,15,Trifolium pratense,introduced,biennial ,legume
2024,5,15,fire,SB,yes,1,0,SOLCAN,20,Solidago canadensis ,native,perennial ,forb
2024,5,15,fire,SB,yes,1,0,FESARU,18,Festuca arundinacea,introduced,perennial ,grass
2024,5,15,fire,SB,yes,1,0,ELAUMB,9,Elaeagnus umbellata,introduced,perennial ,woody
2024,5,15,fire,SB,yes,1,0,MONFIS,3,Mondarda fistulosa ,native,perennial ,legume
2024,5,15,fire,SB,yes,1,0,POAPRA,60,Poa pratensis ,introduced,perennial ,grass
2024,5,15,fire,SB,yes,1,0,DAUCAR,3,Daucus carota,introduced,biennial ,forb
2024,5,14,fire,SX,yes,0,0,BARE,40,,,,
2024,5,14,fire,SX,yes,1,0,SOLCAN,26,Solidago canadensis ,native,perennial ,forb
2024,5,14,fire,SX,yes,1,0,POAPRA,69,Poa pratensis ,introduced,perennial ,grass
2024,5,14,fire,SX,yes,1,0,DAUCAR,2,Daucus carota,introduced,biennial ,forb
2024,5,14,fire,SX,yes,0,0,LITTER,60,,,,
2024,5,14,fire,SX,yes,1,0,FESARU,24,Festuca arundinacea,introduced,perennial ,grass
2024,5,14,fire,SX,yes,1,0,TRIPRA,4,Trifolium pratense,introduced,biennial ,legume
2024,5,14,fire,SX,yes,1,0,MELOFF,2,Melilotus officinalis ,introduced,perennial ,legume
2024,5,14,fire,SX,yes,1,0,BROINE,38,Bromus inermis ,introduced,perennial ,grass
2024,5,14,fire,SX,yes,1,0,SOLCAR,2,Solanum carolinense,native,perennial ,forb
2024,5,13,fire,XX,yes,0,0,BARE,5,,,,
2024,5,13,fire,XX,yes,1,0,PASSAT,15,Pastinaca sativa ,introduced,biennial ,forb
2024,5,13,fire,XX,yes,1,0,FESARU,28,Festuca arundinacea,introduced,perennial ,grass
2024,5,13,fire,XX,yes,1,0,SYMPIL,4,Symphyotrcchum pilosum ,native,perennial ,forb
2024,5,13,fire,XX,yes,0,0,LITTER,95,,,,
2024,5,13,fire,XX,yes,1,0,SOLCAN,27,Solidago canadensis ,native,perennial ,forb
2024,5,13,fire,XX,yes,1,0,POAPRA,30,Poa pratensis ,introduced,perennial ,grass
2024,5,13,fire,XX,yes,1,0,PHLPRA,7,Phleum pratense,introduced,perennial ,grass
2024,5,13,fire,XX,yes,1,0,CONARV,7,Convolvulus arvensis ,introduced,perennial ,forb
2024,5,13,fire,XX,yes,1,0,MONFIS,6,Mondarda fistulosa ,native,perennial ,legume
2024,5,13,fire,XX,yes,1,0,BROINE,15,Bromus inermis ,introduced,perennial ,grass
2024,5,13,fire,XX,yes,1,0,TRIPRA,4,Trifolium pratense,introduced,biennial ,legume
2024,12,36,mow,SB,yes,0,0,BARE,8,,,,
2024,12,36,mow,SB,yes,1,0,MONFIS,10,Mondarda fistulosa ,native,perennial ,legume
2024,12,36,mow,SB,yes,1,0,BROINE,18,Bromus inermis ,introduced,perennial ,grass
2024,12,36,mow,SB,yes,1,1,UK Forb 29,0.1,unknown forb,,,forb
2024,12,36,mow,SB,yes,1,0,TRIPRA,3,Trifolium pratense,introduced,biennial ,legume
2024,12,36,mow,SB,yes,0,0,LITTER,92,,,,
2024,12,36,mow,SB,yes,1,0,SOLCAN,16,Solidago canadensis ,native,perennial ,forb
2024,12,36,mow,SB,yes,1,0,FESARU,27,Festuca arundinacea,introduced,perennial ,grass
2024,12,36,mow,SB,yes,1,0,RATPIN,0.1,Ratibida pinnata ,native,perennial ,forb
2024,12,36,mow,SB,yes,1,0,SOLCAR,2,Solanum carolinense,native,perennial ,forb
2024,12,36,mow,SB,yes,1,0,DAUCAR,5,Daucus carota,introduced,biennial ,forb
2024,12,36,mow,SB,yes,1,0,SYMPIL,8,Symphyotrcchum pilosum ,native,perennial ,forb
2024,12,36,mow,SB,yes,1,0,POAPRA,50,Poa pratensis ,introduced,perennial ,grass
2024,12,36,mow,SB,yes,1,0,TAROFF,1,Taraxacum officnale ,introduced,perennial ,forb
2024,12,35,mow,SX,yes,0,0,BARE,3,,,,
2024,12,35,mow,SX,yes,1,0,MONFIS,17,Mondarda fistulosa ,native,perennial ,legume
2024,12,35,mow,SX,yes,1,0,DACGLO,9,Dactylis glomerata,introduced,perennial ,grass
2024,12,35,mow,SX,yes,1,0,POAPRA,45,Poa pratensis ,introduced,perennial ,grass
2024,12,35,mow,SX,yes,0,0,LITTER,97,,,,
2024,12,35,mow,SX,yes,1,0,DAUCAR,15,Daucus carota,introduced,biennial ,forb
2024,12,35,mow,SX,yes,1,0,PHLPRA,3,Phleum pratense,introduced,perennial ,grass
2024,12,35,mow,SX,yes,1,0,ASCSYR,5,Asclepias syriaca,native,perennial ,forb
2024,12,35,mow,SX,yes,1,0,SOLCAN,30,Solidago canadensis ,native,perennial ,forb
2024,12,35,mow,SX,yes,1,0,BROINE,8,Bromus inermis ,introduced,perennial ,grass
2024,12,35,mow,SX,yes,1,0,FESARU,17,Festuca arundinacea,introduced,perennial ,grass
2024,12,34,mow,XX,yes,0,0,BARE,2,,,,
2024,12,34,mow,XX,yes,1,0,SOLCAN,23,Solidago canadensis ,native,perennial ,forb
2024,12,34,mow,XX,yes,1,0,FESARU,15,Festuca arundinacea,introduced,perennial ,grass
2024,12,34,mow,XX,yes,1,0,POAPRA,25,Poa pratensis ,introduced,perennial ,grass
2024,12,34,mow,XX,yes,0,0,LITTER,98,,,,
2024,12,34,mow,XX,yes,1,0,BROINE,58,Bromus inermis ,introduced,perennial ,grass
2024,12,34,mow,XX,yes,1,0,CONARV,1,Convolvulus arvensis ,introduced,perennial ,forb
2024,12,34,mow,XX,yes,1,0,PHLPRA,23,Phleum pratense,introduced,perennial ,grass
2024,12,34,mow,XX,yes,1,0,DAUCAR,2,Daucus carota,introduced,biennial ,forb
